x0,y0,x1,y1,x2,y2,x3,y3,x4,y4,x5,y5,x6,y6,x7,y7,x8,y8,x9,y9,x10,y10,x11,y11,x12,y12,x13,y13,x14,y14,x15,y15,x16,y16,x17,y17,x18,y18,x19,y19,x20,y20,x21,y21,x22,y22,x23,y23,x24,y24,x25,y25,x26,y26,x27,y27,x28,y28,x29,y29,x30,y30,x31,y31,x32,y32,x33,y33,x34,y34,x35,y35,x36,y36,x37,y37,x38,y38,x39,y39,x40,y40,x41,y41,x42,y42,x43,y43,x44,y44,x45,y45,x46,y46,x47,y47,x48,y48,x49,y49,x50,y50,x51,y51,x52,y52,x53,y53,x54,y54,x55,y55,x56,y56,x57,y57,x58,y58,x59,y59,x60,y60,x61,y61,x62,y62,x63,y63,x64,y64,x65,y65,x66,y66,x67,y67,pitch,yaw,roll,image
124,169,117,193,114,215,112,237,112,264,124,292,142,315,162,337,186,354,206,353,212,342,217,327,223,304,231,279,240,258,253,239,264,216,187,182,205,186,222,191,234,198,243,205,281,216,290,216,297,215,301,217,298,219,255,233,255,252,255,270,251,283,220,278,227,283,234,287,240,287,242,285,196,205,210,206,220,209,224,217,216,218,205,214,259,229,268,226,280,230,281,234,274,238,266,235,185,296,205,297,220,299,225,303,231,303,236,307,233,313,229,320,222,323,214,322,206,318,198,310,188,297,211,303,218,306,224,308,233,312,223,311,217,309,210,307,-0.4513125419616699,-0.4928051829338074,0.5055947303771973,image00035
144,146,129,177,117,207,109,233,104,262,105,291,114,316,130,345,156,374,193,384,222,383,242,376,264,363,284,345,302,327,324,306,345,280,193,139,216,132,233,140,246,153,255,167,304,202,319,206,334,212,346,225,347,246,255,222,243,241,232,260,222,275,198,276,203,281,212,288,222,292,230,294,195,178,210,178,223,187,231,201,217,199,202,191,277,233,294,234,308,244,311,257,298,255,285,245,161,296,177,300,194,303,200,309,208,312,220,324,230,335,214,338,200,338,187,333,176,325,169,313,165,298,185,311,195,316,205,322,228,333,205,326,195,321,185,314,-0.167280912399292,0.0116179836913943,0.585010290145874,image00102
155,162,145,188,139,212,134,235,131,263,133,290,142,313,156,338,178,361,207,367,232,363,251,356,272,342,291,325,307,308,325,289,343,266,183,159,197,158,214,164,226,174,238,185,293,217,307,220,322,224,334,235,339,246,253,225,244,242,236,259,229,271,206,265,213,272,223,279,233,282,241,284,192,188,203,188,216,194,225,208,212,205,199,198,277,238,292,239,305,246,311,255,300,255,287,247,169,274,184,279,206,286,214,292,224,296,238,306,245,319,225,332,209,334,195,329,184,319,174,303,171,276,198,292,210,298,221,303,243,318,214,322,202,317,190,309,-0.1569367051124572,0.0172596331685781,0.5120464563369751,image00135
124,292,141,313,161,332,178,346,197,360,217,368,234,368,256,365,284,352,307,330,320,311,329,295,331,272,328,249,321,227,312,201,298,175,116,257,120,247,131,237,144,230,158,226,206,185,216,174,228,163,243,157,257,158,196,230,205,244,215,259,223,271,215,289,222,287,232,283,239,275,245,269,143,265,148,255,159,247,175,245,166,255,154,264,220,215,228,200,242,191,254,191,248,202,233,210,219,329,223,315,233,300,240,296,247,290,263,283,280,280,272,293,264,303,255,310,246,317,234,323,222,326,238,309,245,302,253,296,277,281,257,294,248,301,241,307,-0.0488129742443561,0.0654169842600822,-0.583348274230957,image00159
107,363,137,372,165,377,192,381,223,383,255,376,283,363,310,347,331,320,334,286,324,262,307,241,286,218,260,200,238,185,213,168,185,153,117,324,121,309,129,293,139,279,149,267,163,204,165,191,167,176,170,163,176,157,184,249,204,256,226,264,242,271,239,296,245,288,252,278,253,266,252,257,146,314,145,299,149,285,163,277,164,291,157,306,184,223,177,204,183,189,193,185,197,196,192,212,262,331,268,316,271,297,276,288,278,278,287,263,291,254,300,270,304,285,299,300,292,314,279,322,264,328,276,304,280,291,286,279,290,256,291,281,286,295,280,307,0.0183282680809497,-0.3326840698719024,-1.1884443759918213,image00204
154,167,140,194,131,220,124,242,121,267,124,290,133,308,146,328,169,351,198,362,218,365,235,363,254,355,273,341,291,327,311,308,330,285,196,160,213,161,228,168,239,180,247,193,293,223,307,227,320,233,330,243,335,256,255,229,247,243,239,257,231,270,207,268,213,274,221,282,230,285,237,287,199,190,212,192,224,199,230,212,219,208,206,200,278,245,295,248,306,256,309,264,299,264,287,254,174,285,189,286,205,291,211,297,219,301,229,314,232,326,218,328,206,326,195,320,185,312,179,300,176,287,198,297,206,303,215,310,231,325,212,314,203,308,194,301,-0.1052799075841903,-0.0361451730132103,0.6048402190208435,image00209
163,155,149,182,137,208,126,234,117,267,117,299,124,325,136,351,163,377,200,387,232,387,261,383,291,371,315,349,332,326,348,301,365,273,186,158,198,161,211,168,222,177,233,187,283,212,297,215,313,219,328,228,338,240,244,225,234,242,223,258,215,272,194,265,201,273,211,282,224,286,235,288,192,186,200,191,212,198,221,207,209,204,197,196,274,237,290,239,302,246,309,252,298,252,283,246,157,276,173,280,193,289,202,297,213,301,232,314,246,328,220,339,200,341,184,334,169,323,162,305,160,278,185,295,199,303,212,311,244,327,206,329,191,322,178,312,-0.0969099402427673,0.1695304065942764,0.5113832950592041,image00215
188,188,175,215,165,240,155,263,145,288,139,311,137,327,138,345,159,368,195,379,227,382,256,383,286,376,310,359,329,341,348,320,367,296,197,161,206,156,217,159,226,167,235,176,284,207,298,212,314,219,329,230,339,246,244,218,231,232,219,245,210,256,196,260,200,265,207,272,218,276,227,280,201,190,208,190,219,197,228,209,216,205,205,198,274,236,289,237,301,245,309,256,296,254,282,245,163,287,174,279,190,279,196,285,206,289,219,307,225,328,204,329,189,327,177,321,167,313,163,303,166,289,183,289,192,294,203,302,223,326,195,315,184,309,176,302,0.1172205060720443,0.2817354202270508,0.5543221235275269,image00229
75,276,95,298,115,317,134,335,159,354,190,365,219,367,251,362,286,345,310,316,315,289,316,263,309,232,297,204,285,181,271,157,255,130,111,261,124,254,138,243,155,237,170,232,213,194,222,182,232,170,244,159,250,150,204,229,217,244,231,260,241,272,221,282,230,280,241,276,247,266,251,257,142,265,151,257,160,248,173,243,167,255,156,264,220,206,228,193,239,184,247,179,244,192,233,202,222,317,232,306,243,293,251,289,257,281,271,273,280,270,275,286,269,298,260,307,251,314,239,317,226,314,246,301,254,295,262,287,278,271,260,291,251,298,244,304,-0.262535810470581,-0.3292408883571625,-0.6336513757705688,image00239
78,294,92,317,107,338,123,355,145,370,175,376,208,376,240,373,265,362,274,344,264,330,250,318,238,299,228,278,220,257,211,233,199,209,132,247,147,233,162,222,173,213,183,208,216,179,220,175,224,172,226,171,226,177,215,220,230,233,245,247,253,260,229,281,238,279,246,276,248,270,245,265,156,254,168,246,176,240,183,238,179,245,169,253,216,213,224,201,232,197,230,201,232,207,226,211,232,327,242,308,251,295,255,292,257,287,260,284,258,288,265,299,266,309,263,316,257,321,249,324,237,324,251,304,255,298,257,293,257,288,262,301,260,308,255,312,0.14619742333889,-0.71953946352005,-0.5683929920196533,image00306
156,213,171,239,189,260,203,282,219,309,236,334,247,353,260,371,287,370,315,349,335,319,353,286,363,249,359,216,352,189,344,162,332,134,125,220,123,218,129,217,139,217,150,216,201,193,212,182,226,167,244,156,263,152,188,230,192,253,198,277,205,293,211,295,215,297,223,297,233,290,241,283,151,235,149,229,161,222,180,225,171,235,159,239,224,206,229,193,243,188,259,186,250,199,235,205,217,326,220,323,227,319,235,318,241,314,261,309,284,304,270,320,260,331,248,337,237,340,228,335,220,324,231,325,240,323,252,318,281,304,254,320,243,325,233,327,-0.4778061807155609,0.3349074423313141,-0.5737974643707275,image00311
131,177,122,198,115,218,111,239,111,265,122,292,141,315,159,336,177,351,191,350,195,339,195,325,199,306,207,285,216,267,228,249,239,228,201,190,219,190,234,196,244,202,252,208,281,222,287,223,290,224,291,226,285,231,256,239,255,257,255,275,251,287,222,284,228,288,234,293,239,292,240,290,208,214,222,215,228,219,229,225,223,227,215,223,256,238,266,238,275,241,272,243,269,246,263,245,185,296,205,300,222,304,227,308,231,309,231,313,226,315,224,323,220,326,214,324,207,319,198,310,188,297,213,307,221,311,225,314,225,315,224,318,219,315,212,311,-0.5300058722496033,-0.6497661471366882,0.6660770773887634,image00439
184,262,197,286,212,307,226,327,240,348,253,365,260,375,270,380,291,371,315,350,337,326,356,301,366,271,367,242,361,217,352,191,342,165,144,237,141,231,144,224,152,220,161,218,202,190,212,180,226,170,244,163,264,161,192,225,195,243,197,262,203,277,211,292,213,291,219,289,228,284,236,280,163,249,161,241,170,234,185,235,177,244,169,252,227,208,230,195,241,190,257,190,247,199,235,206,223,329,219,319,221,312,227,312,232,308,249,309,270,309,259,319,252,330,245,335,237,338,229,333,224,326,230,321,234,318,242,316,266,310,244,319,238,323,232,324,-0.1854308098554611,0.4898371696472168,-0.5710216760635376,image00440
132,401,154,394,173,384,193,375,216,361,242,343,264,323,284,301,292,271,276,244,250,230,223,219,194,211,168,205,147,200,125,193,102,189,161,365,162,350,166,333,171,316,173,302,163,241,155,228,145,216,137,203,134,194,198,269,221,265,242,262,254,261,246,283,249,275,250,265,247,256,242,250,183,343,186,331,185,317,186,304,193,315,193,331,177,245,172,231,169,217,163,209,174,218,179,232,254,303,262,290,263,273,263,265,261,257,258,242,250,236,269,244,278,254,281,267,280,280,272,291,255,299,265,277,266,266,264,256,251,238,268,256,270,268,269,279,0.2658483386039734,-0.7568749785423279,-1.7857009172439575,image00450
118,213,116,236,115,258,117,278,125,300,143,319,167,335,190,349,206,359,210,356,201,347,189,338,180,322,178,303,179,285,184,265,188,243,195,201,212,197,226,197,236,198,243,200,261,210,263,211,263,213,260,218,250,225,251,232,258,248,265,263,265,275,234,279,241,282,245,285,246,284,244,283,205,220,219,216,224,218,224,226,221,228,214,227,241,233,250,230,254,233,247,238,250,240,247,238,212,305,230,300,242,297,245,299,246,299,242,306,230,312,237,318,238,320,236,319,232,317,226,313,215,305,235,304,240,305,241,307,230,312,239,310,237,309,234,308,-0.3589451313018799,-1.0789941549301147,0.5004632472991943,image00469
174,294,189,310,209,323,223,332,237,340,248,343,254,344,266,344,285,334,302,315,313,297,323,283,329,267,329,249,325,231,318,207,308,185,149,260,148,249,154,238,161,231,171,226,199,201,206,190,215,179,230,172,249,172,193,226,198,237,204,251,212,263,217,279,221,278,227,275,233,268,237,263,164,259,162,248,171,240,184,241,178,249,171,257,218,212,218,199,227,193,243,194,235,202,226,209,232,312,230,303,235,295,239,293,243,288,255,283,268,280,265,292,262,303,256,311,248,316,240,315,234,311,241,302,245,297,251,293,266,281,254,295,248,301,242,305,-0.0214344747364521,0.3049788177013397,-0.665880560874939,image00491
190,180,170,207,157,233,144,256,131,280,124,302,123,319,128,340,148,366,182,385,215,397,242,402,271,399,297,387,319,372,345,354,370,332,212,151,226,147,239,153,249,164,258,176,309,214,325,220,342,230,356,246,359,269,258,222,242,236,227,249,215,261,197,263,201,270,208,279,220,285,230,290,212,183,221,184,232,194,240,208,228,202,216,192,288,246,303,249,315,259,321,273,307,268,295,257,157,278,170,280,188,288,194,297,204,302,219,321,229,341,208,335,193,328,180,319,169,308,162,295,160,280,180,295,191,304,202,314,228,339,201,318,189,308,179,298,0.1528826653957367,0.1968270689249038,0.7155537009239197,image00562
182,164,166,189,154,214,145,237,136,261,133,285,135,306,142,327,161,353,191,367,216,371,238,370,262,362,284,349,303,333,325,315,345,293,209,157,219,159,229,167,238,178,246,190,290,227,304,231,318,236,331,245,337,257,250,234,238,249,226,263,217,274,201,270,205,276,211,284,220,288,228,290,206,188,216,188,228,197,232,212,220,208,208,199,276,247,293,248,304,256,308,269,296,268,283,258,166,283,178,286,194,290,200,297,208,301,217,315,224,327,208,328,195,325,185,319,176,310,171,299,169,285,186,297,195,303,203,310,222,326,201,315,192,309,185,302,-0.1091357544064521,0.1662748008966446,0.6584863662719727,image00585
135,297,159,310,182,320,203,328,224,337,245,342,262,343,282,341,304,324,315,296,316,270,318,246,313,222,303,201,291,183,277,162,259,143,122,282,123,272,130,261,144,255,158,251,189,212,191,196,196,180,208,166,221,158,190,245,202,257,215,271,226,281,222,293,228,290,236,285,241,276,244,269,150,282,148,272,156,262,173,258,169,270,161,281,205,219,206,202,215,190,227,186,225,198,215,211,232,321,235,313,242,301,249,297,253,289,268,279,279,267,274,285,271,299,264,308,256,316,245,319,233,318,247,307,253,299,261,292,278,270,261,294,254,302,248,308,-0.2386325895786285,-0.0048760864883661,-0.907421886920929,image00602
125,178,117,201,112,224,109,245,110,269,122,293,141,314,163,333,186,349,200,353,201,347,201,336,205,319,212,299,221,282,233,263,244,241,194,178,211,177,227,183,239,193,247,202,277,225,285,224,291,223,293,226,288,231,257,235,256,252,256,269,252,281,219,279,227,283,234,288,239,289,240,289,201,206,216,205,224,209,226,219,219,219,209,215,256,236,268,233,276,238,273,245,270,247,263,243,188,294,210,298,225,300,229,304,234,304,236,309,231,314,228,316,223,317,218,315,211,312,203,305,191,295,216,306,223,309,227,311,231,312,224,309,219,307,213,304,-0.3642682433128357,-0.6090352535247803,0.593598484992981,image00614
156,216,174,242,194,264,211,285,231,309,249,332,262,351,277,363,306,357,333,329,353,296,368,266,376,233,372,203,362,179,352,152,337,124,124,219,121,211,128,210,141,213,156,216,205,188,214,174,227,158,246,146,268,145,195,230,201,251,207,273,215,289,214,292,220,294,231,293,241,285,248,277,151,240,150,235,162,229,179,229,170,239,159,244,229,204,236,191,251,184,265,180,256,192,241,202,220,325,221,322,230,314,240,312,248,307,270,299,291,289,281,311,274,329,263,338,249,341,234,335,222,323,234,321,245,316,258,310,288,291,265,318,253,326,240,329,-0.5022749304771423,0.2826344966888428,-0.6252936124801636,image00615
204,353,228,345,250,336,269,328,291,319,309,307,320,293,332,274,334,246,322,218,304,199,288,182,265,171,240,166,217,164,193,164,167,166,174,347,163,340,159,328,162,314,167,301,156,254,150,242,146,229,146,213,150,199,182,275,195,273,210,272,224,270,236,282,237,275,239,265,234,256,231,249,191,328,184,322,181,311,185,298,190,308,192,320,177,246,168,236,167,224,170,213,176,222,178,235,276,292,267,283,259,270,259,262,256,254,259,236,264,221,274,237,280,249,283,261,284,270,282,279,276,288,268,270,266,261,265,250,264,223,272,252,274,263,275,271,-0.1099705100059509,-0.0491701811552047,-1.7606241703033447,image00617
254,220,261,241,268,259,273,278,275,300,271,321,262,337,256,353,262,358,275,349,294,331,317,310,333,285,336,259,337,239,333,218,328,197,195,221,187,219,184,220,185,224,189,228,206,215,213,210,223,204,238,201,255,202,198,243,193,259,189,277,191,290,210,292,208,295,210,297,216,293,223,288,201,238,195,237,198,236,207,238,202,242,200,243,225,231,224,225,229,223,243,224,234,230,228,233,226,322,213,317,209,312,211,312,216,310,233,311,254,313,242,330,234,339,229,343,224,343,224,336,226,322,215,318,217,318,225,316,252,313,228,331,223,333,221,333,-0.6527785062789917,0.9527187943458556,-0.701351523399353,image00626
78,300,96,323,113,342,131,357,157,371,190,377,222,374,257,368,287,354,296,332,288,314,276,298,264,276,253,252,243,230,231,205,217,180,133,257,148,243,163,231,176,222,187,216,220,182,224,170,227,159,231,152,235,156,221,222,237,235,253,248,263,259,237,283,246,279,254,272,258,265,258,259,161,261,171,251,180,243,188,240,185,249,175,259,221,209,229,196,238,189,240,190,240,198,232,205,216,328,236,309,253,290,261,285,266,277,271,270,271,273,280,292,283,305,275,316,261,325,242,329,217,326,251,301,262,291,269,283,270,273,275,296,268,306,255,314,0.080808587372303,-0.6171231865882874,-0.6453016996383667,image00695
156,277,177,297,200,312,225,326,251,340,275,352,291,358,309,363,330,347,345,322,351,291,359,260,355,225,344,195,328,173,312,150,292,127,126,276,122,271,124,261,128,249,134,238,170,198,175,184,184,168,198,155,221,152,175,235,187,254,200,274,213,288,222,302,225,298,232,292,240,281,247,273,146,277,145,272,153,262,167,254,162,266,157,278,202,208,198,197,206,189,225,184,220,197,211,206,244,335,239,329,239,315,246,309,251,301,272,292,293,278,285,296,277,308,267,318,260,326,253,332,245,333,251,323,255,315,265,307,292,280,267,302,259,312,253,319,-0.3157748878002167,0.2620993852615356,-0.8794494271278381,image00733
64,317,87,342,112,363,134,379,164,392,200,394,237,385,272,374,303,355,314,333,308,317,298,304,284,283,269,260,255,237,240,209,220,182,109,258,123,240,138,225,153,214,166,207,209,170,215,160,221,152,228,147,231,151,208,212,226,225,245,238,256,249,231,280,243,275,254,268,259,260,260,255,142,259,151,245,161,236,174,236,169,246,157,256,214,202,221,185,231,177,235,179,235,187,226,196,212,331,235,311,256,291,266,286,271,278,281,271,285,270,289,285,288,293,278,303,264,313,244,323,214,328,254,303,268,293,276,285,284,270,280,286,272,295,258,304,0.2087825536727905,-0.4964357614517212,-0.724497377872467,image00743
97,277,107,299,118,318,130,334,151,348,179,354,210,351,240,347,263,344,267,338,256,336,240,333,225,323,211,306,202,289,195,268,186,246,159,229,173,217,186,210,197,208,206,208,228,202,231,198,232,196,233,199,228,206,227,222,240,233,254,243,260,253,235,273,243,271,250,269,251,267,249,267,179,240,189,230,194,228,199,233,198,237,190,240,222,226,228,218,233,217,231,222,234,226,230,226,222,303,237,291,251,281,256,281,259,278,261,283,258,294,265,298,266,301,262,302,256,302,243,302,224,302,247,290,255,287,258,287,257,294,261,293,258,294,252,295,0.477993905544281,-0.914508044719696,-0.5779188275337219,image00781
255,226,261,249,268,270,273,292,275,320,271,343,263,359,258,374,267,379,286,365,310,344,336,320,353,290,356,257,354,231,350,208,345,183,186,212,176,202,172,199,172,199,175,200,199,185,207,177,219,169,237,165,257,175,199,232,195,252,189,270,191,283,211,293,210,293,212,294,218,289,226,286,193,235,186,231,192,229,201,232,196,238,192,240,225,220,226,211,232,208,248,209,239,218,230,222,226,325,214,315,210,307,213,307,216,305,231,309,251,319,242,332,236,341,230,343,225,343,224,337,227,324,218,316,219,314,226,314,249,319,232,328,227,330,224,330,-0.4736945033073425,0.9471464157104492,-0.6148214340209961,image00808
123,167,118,187,114,208,114,226,120,246,138,266,162,284,186,302,201,323,204,336,193,341,179,343,169,337,167,325,169,313,177,300,184,283,206,159,225,160,239,167,248,178,253,189,269,221,271,227,271,234,266,245,253,255,259,221,263,233,268,243,266,252,233,249,241,254,246,262,247,267,245,271,214,184,228,185,233,193,232,205,230,201,222,193,247,237,256,241,258,249,250,257,253,254,252,246,210,255,227,259,239,267,242,273,243,278,240,292,228,306,235,300,236,294,234,286,230,278,223,268,213,256,232,270,236,277,237,285,228,304,237,285,235,277,231,270,-0.0541474670171737,-1.0832509994506836,0.762929379940033,image00826
178,128,160,152,145,175,133,197,121,223,114,253,116,280,127,311,146,342,175,358,202,363,226,358,253,346,278,330,301,316,323,297,346,275,219,149,232,157,243,168,251,182,258,195,295,234,308,239,319,246,330,255,339,260,259,239,247,256,234,274,224,287,203,274,207,283,213,291,222,295,229,297,216,182,229,185,240,193,241,208,231,205,220,194,282,247,299,250,309,258,311,269,300,268,289,259,165,284,179,294,194,302,199,308,205,313,210,324,209,331,200,327,191,323,183,315,176,306,172,296,169,286,187,304,195,311,201,318,208,329,196,315,190,308,184,300,-0.3047403395175934,0.0740778818726539,0.7354178428649902,image00836
166,277,179,298,195,316,209,331,222,347,234,357,244,360,256,357,277,346,299,328,318,312,332,296,338,274,336,252,331,232,324,208,313,184,143,251,144,243,151,234,160,229,170,225,208,197,217,191,229,185,244,180,260,178,198,230,203,244,207,258,212,269,213,286,217,284,224,281,231,276,238,271,162,256,163,250,173,244,185,243,178,250,169,256,225,218,229,206,239,200,251,200,243,208,233,215,221,321,221,310,226,300,233,298,238,294,252,290,271,290,262,298,254,305,245,310,237,315,230,318,222,318,231,308,237,303,245,299,268,290,249,297,242,302,235,307,-0.0759984627366066,0.3142656981945038,-0.55394047498703,image00846
205,221,187,241,173,260,158,278,142,298,131,314,128,324,127,336,144,356,174,374,203,387,230,398,261,399,289,391,311,379,333,365,355,347,225,171,234,163,243,164,251,169,259,177,298,211,311,219,325,230,339,245,343,266,259,211,245,218,229,225,217,233,202,245,204,248,209,255,219,262,228,269,221,194,228,189,239,196,245,210,233,204,223,198,285,244,298,245,306,255,311,269,300,263,289,252,161,277,173,265,186,262,191,268,199,273,205,293,208,320,192,312,178,308,169,301,162,293,161,285,164,278,177,276,184,280,192,288,206,318,187,296,179,290,173,284,0.4420858025550842,0.223024696111679,0.7861559987068176,image00862
130,209,126,229,124,247,125,264,131,286,147,305,168,320,189,333,205,340,210,333,204,322,194,308,188,288,186,267,188,248,193,230,198,210,197,211,213,211,226,212,235,214,241,216,258,220,261,218,263,215,260,215,251,213,249,234,253,248,258,262,257,273,229,274,236,277,241,279,243,278,241,276,207,226,219,223,224,223,224,229,221,232,215,230,240,230,248,227,251,227,246,227,248,232,245,233,204,299,221,295,234,292,238,294,241,293,237,296,226,301,228,312,227,317,223,318,218,317,210,311,204,299,225,298,232,298,233,298,225,301,228,310,224,310,218,309,-0.6260941624641418,-1.0078022480010986,0.5553311705589294,image00888
176,238,191,261,207,281,223,302,239,328,254,350,263,366,276,380,302,375,326,352,340,321,356,290,365,255,360,221,353,195,345,170,334,144,138,227,134,219,139,216,147,215,157,215,196,184,207,175,221,165,239,156,260,155,193,232,197,253,202,276,210,291,214,298,218,299,227,298,235,291,242,285,159,244,155,235,165,229,182,233,174,243,165,248,226,208,228,191,241,184,257,187,250,199,236,206,223,332,221,327,227,320,234,319,240,314,258,313,277,311,269,327,263,338,253,344,242,346,233,341,226,331,232,327,239,324,250,321,275,313,255,327,246,331,237,332,-0.3881042897701263,0.423253983259201,-0.6400730609893799,image00908
134,161,123,188,115,214,109,237,107,263,115,289,130,309,151,329,178,352,206,361,222,361,235,356,250,344,265,325,280,307,298,286,314,262,185,164,202,168,219,174,232,182,243,190,293,215,304,219,315,224,324,232,327,241,255,226,249,244,244,261,237,275,210,272,217,279,225,285,234,287,240,287,193,189,207,191,218,197,224,209,214,206,201,199,273,236,289,234,301,241,303,251,294,251,283,244,174,288,192,292,210,298,216,304,224,306,234,315,238,321,226,327,215,328,205,324,194,316,185,305,178,290,202,304,212,309,221,314,236,320,219,317,211,313,201,307,-0.1852004826068878,-0.1801396608352661,0.5427054166793823,image00954
237,209,216,220,199,233,182,245,164,258,149,270,141,279,135,292,140,313,158,334,179,351,198,363,222,370,245,369,266,364,288,358,310,350,255,186,263,186,269,191,271,199,272,209,293,244,302,252,310,263,315,279,314,296,262,234,248,237,234,239,222,244,210,246,211,250,213,257,219,264,224,271,243,199,249,199,254,208,253,220,247,212,242,204,276,263,286,267,291,276,290,290,283,282,278,271,175,256,185,252,196,257,198,264,203,270,205,288,201,307,185,301,175,294,169,285,165,275,167,267,176,258,188,262,193,269,197,278,200,305,183,289,177,280,175,272,0.3679653704166412,0.1819709092378616,1.122321844100952,image00988
134,159,122,186,115,212,109,236,106,262,114,288,129,310,149,332,176,355,205,363,222,362,236,357,251,343,266,324,281,305,299,284,315,259,185,163,203,167,219,174,232,181,242,189,294,215,305,219,315,223,325,231,328,239,255,227,248,246,243,263,236,277,209,273,216,279,225,286,234,288,240,289,193,189,206,190,217,196,223,208,213,206,201,198,275,237,291,235,302,241,305,251,296,252,285,246,173,289,190,293,209,298,216,303,225,306,234,317,236,323,224,332,212,334,201,329,191,321,182,308,176,291,201,304,211,309,220,315,234,323,217,322,208,317,198,311,-0.2137410789728164,-0.1713157445192337,0.5442554950714111,image00989
249,216,255,237,261,255,264,273,263,295,256,313,247,326,240,339,246,344,265,334,288,320,310,304,327,284,332,261,334,242,332,223,327,202,198,218,190,219,188,218,190,219,194,221,213,217,218,213,227,210,240,209,257,207,206,234,203,249,199,263,200,273,216,274,216,276,218,276,224,274,230,271,204,230,199,229,203,229,212,231,206,234,204,235,231,227,232,222,236,221,249,222,241,227,234,229,230,288,223,286,222,284,225,285,229,282,245,281,264,281,248,295,238,301,232,304,228,304,229,300,232,288,227,288,230,287,236,285,263,281,238,293,232,295,230,295,-0.5381423830986023,0.939324140548706,-0.546999990940094,image01042
131,343,153,362,178,377,198,388,220,396,242,394,258,385,278,369,305,347,326,324,339,311,346,300,346,284,338,265,326,245,310,221,290,199,115,272,117,254,126,239,138,229,151,222,193,182,200,171,210,162,223,157,239,160,189,217,200,225,211,233,222,243,221,274,227,268,235,261,242,254,247,250,143,271,146,258,155,249,170,247,162,254,152,265,213,209,217,194,227,185,239,185,234,192,223,201,234,315,236,294,244,279,251,275,256,268,273,263,288,264,278,276,272,284,263,292,255,299,247,304,237,310,249,287,255,281,264,274,285,265,264,280,256,286,249,292,0.3177747726440429,0.0941436067223548,-0.7394171357154846,image01104
130,167,113,190,101,215,91,236,84,261,88,287,98,311,110,337,131,365,155,379,170,381,180,379,194,371,211,358,228,345,250,330,270,311,198,162,218,161,234,169,247,178,257,186,293,232,301,239,309,248,313,260,309,275,255,236,247,251,238,266,228,277,198,270,203,277,209,286,216,291,221,295,203,194,215,197,225,206,228,218,220,213,210,204,262,254,273,259,282,268,284,277,277,272,268,263,156,284,176,286,193,291,197,298,203,302,208,317,206,333,196,328,187,326,179,319,172,312,166,301,159,286,181,298,189,304,195,311,205,331,194,314,187,309,181,303,-0.0888141393661499,-0.3260429799556732,0.7833160758018494,image01129
136,279,157,299,176,317,195,333,215,349,234,360,248,364,268,367,294,354,316,324,330,292,343,265,345,236,335,211,325,189,311,166,294,142,122,266,124,258,131,249,141,241,153,236,188,190,196,177,207,163,222,153,239,151,183,235,191,250,199,266,208,278,210,293,215,290,224,286,231,275,238,266,146,270,148,263,157,255,171,249,164,261,156,271,210,211,212,195,224,186,238,184,232,195,221,206,217,328,222,320,231,307,239,302,246,294,266,280,285,268,279,297,271,315,261,327,250,335,238,336,221,327,236,313,244,305,255,295,283,271,263,309,254,320,245,327,-0.2298838943243026,0.1881888508796692,-0.7451026439666748,image01149
148,189,137,215,131,239,124,260,115,286,116,311,123,329,135,351,159,375,191,385,215,388,233,387,254,378,274,362,291,345,310,327,330,305,195,161,214,154,228,161,237,175,244,190,294,215,307,221,319,228,330,242,333,259,253,224,244,236,234,249,225,261,200,260,206,267,213,276,222,281,229,284,196,190,210,185,222,192,226,208,215,204,204,196,275,243,289,245,301,253,306,263,296,260,284,251,166,274,179,276,194,285,200,292,208,297,222,311,232,328,210,331,195,329,184,323,175,314,171,299,169,275,186,292,196,299,204,306,230,326,201,318,190,312,183,304,0.1121444627642631,-0.0446044914424419,0.5699248909950256,image01310
18,170,16,211,17,248,21,282,35,320,67,354,112,383,154,411,183,427,189,420,169,398,146,377,132,348,128,314,132,281,140,243,146,202,154,154,185,147,212,150,232,158,244,166,280,173,283,167,281,161,273,163,255,174,263,203,276,233,289,261,288,283,224,289,239,293,251,297,254,296,249,295,173,188,196,184,205,185,205,195,202,200,188,198,240,204,254,197,261,200,248,206,254,213,250,211,162,323,202,318,236,316,245,321,251,320,245,329,220,342,228,365,229,375,222,373,211,366,190,352,165,324,220,326,235,330,239,332,220,342,231,360,226,359,214,352,-0.4409701526165008,-1.067837119102478,0.5053275227546692,image01449
265,286,271,304,278,318,281,332,281,344,275,350,263,347,252,342,254,327,268,308,292,289,316,272,332,250,337,229,335,211,330,192,325,172,197,261,186,252,181,243,182,238,186,235,197,207,202,196,211,186,224,179,243,174,193,229,188,239,182,251,183,260,206,276,203,273,203,269,208,262,215,256,202,261,194,254,198,247,206,244,201,252,200,260,221,216,219,206,222,199,235,196,228,204,222,212,227,310,213,298,207,284,208,280,210,273,223,265,241,266,228,277,222,286,219,293,219,300,222,306,227,308,216,292,215,285,219,277,239,267,220,279,218,286,218,292,-0.0658082962036132,1.0867255926132202,-0.7570083737373352,image01624
240,177,217,191,198,205,178,219,154,235,135,252,124,268,117,286,122,314,141,340,163,358,188,373,218,381,248,379,273,375,296,369,322,361,257,170,266,174,272,183,275,195,276,207,300,254,309,264,317,277,323,293,322,311,262,241,245,245,228,250,215,255,204,253,204,258,206,265,211,273,217,279,243,193,247,198,252,209,253,221,246,213,241,202,277,272,286,280,291,292,291,303,282,296,277,283,166,257,178,260,187,267,189,274,194,280,196,297,194,314,180,303,172,294,167,285,163,277,163,269,168,260,178,272,182,279,186,288,194,311,183,288,178,280,175,274,0.200412169098854,0.2180243581533432,1.1641472578048706,image01698
239,212,247,236,257,257,264,278,269,304,269,328,263,347,259,367,267,373,284,363,305,340,329,315,345,284,347,254,347,230,342,207,334,181,174,210,164,206,161,206,163,209,167,212,193,200,201,196,214,191,230,187,250,188,190,235,188,256,185,276,188,290,208,292,207,294,210,295,216,292,225,288,186,232,180,230,187,228,197,231,191,236,187,237,222,223,223,215,231,213,244,213,235,221,226,225,228,321,217,315,214,311,217,312,220,309,237,311,256,317,245,328,237,334,231,337,227,337,227,332,229,321,223,316,224,316,232,315,255,317,234,323,230,324,228,323,-0.6183134913444519,0.8737534880638123,-0.6710348725318909,image01751
118,192,113,218,110,242,110,264,114,290,132,316,157,337,180,358,195,374,196,374,183,364,169,353,161,337,162,318,168,298,175,277,181,252,206,188,224,186,237,190,247,197,253,204,270,217,271,217,270,218,264,223,253,231,255,236,262,254,267,272,264,287,229,288,236,292,240,296,241,297,238,297,213,212,227,207,231,210,227,223,226,224,221,219,243,239,251,234,256,238,248,246,250,249,248,245,200,308,217,309,230,312,231,316,233,316,226,323,213,326,222,331,225,332,225,329,221,325,214,317,201,308,220,316,226,319,225,322,212,326,224,323,223,320,221,316,-0.4730269014835357,-1.0891592502593994,0.7546615600585938,image01823
248,233,256,256,264,276,270,296,273,320,272,341,265,356,260,370,268,373,284,359,303,337,326,314,342,286,347,257,346,234,342,210,336,186,186,220,177,214,174,213,175,214,179,214,203,200,211,192,222,182,237,176,253,179,197,232,193,251,188,269,190,283,211,292,209,293,212,292,218,289,226,286,195,237,189,231,194,227,205,232,199,238,195,241,227,219,227,207,236,205,249,209,241,217,231,220,227,328,216,319,213,313,216,313,220,310,238,311,260,313,249,328,240,338,233,344,227,345,226,339,228,327,221,321,223,319,232,317,259,313,236,327,230,330,227,331,-0.4618883430957794,0.9231812357902528,-0.6468412280082703,image01867
153,140,139,164,128,188,120,211,116,241,120,272,131,300,142,328,163,350,187,357,207,350,224,339,245,326,265,309,282,293,301,274,320,253,199,154,214,161,230,172,243,186,252,198,296,228,308,230,322,233,331,239,334,244,261,234,253,252,245,272,235,286,208,276,215,283,224,291,234,295,239,295,202,187,216,192,228,198,234,210,222,208,208,200,277,239,293,237,303,246,304,256,294,257,284,249,168,286,187,297,204,306,210,312,218,314,228,320,236,323,220,330,206,333,193,327,181,318,173,303,170,287,194,308,205,315,214,320,235,322,213,321,201,316,190,307,-0.322888046503067,-0.1444651782512664,0.6335397362709045,image01874
146,160,132,183,121,205,112,226,106,251,110,277,123,300,140,324,162,347,183,361,196,363,206,362,221,354,239,342,255,327,274,312,293,293,207,152,228,149,244,157,255,171,264,183,300,228,311,232,321,238,328,249,324,264,265,232,257,247,250,259,242,270,209,265,217,270,226,278,234,285,238,290,207,189,220,193,231,202,236,215,226,210,213,201,276,251,288,258,297,267,300,273,292,271,283,262,169,275,188,276,208,283,214,291,222,295,229,310,229,322,217,323,206,321,196,314,187,304,178,291,171,276,196,289,207,297,216,304,228,321,214,311,205,304,195,295,-0.1107212901115417,-0.2848542928695678,0.7332329750061035,image01922
122,170,112,199,103,225,99,249,99,277,109,302,129,321,153,339,182,363,207,374,220,379,231,380,243,370,259,355,274,339,292,320,311,298,187,152,209,148,229,154,244,167,254,181,302,222,318,224,332,229,341,242,340,258,271,225,266,239,264,253,258,265,226,266,234,272,241,278,249,280,252,281,195,187,208,192,222,200,233,210,222,205,205,198,285,246,301,255,311,264,316,269,308,266,296,256,179,290,204,285,226,287,232,293,238,295,242,307,236,325,229,329,222,327,214,321,205,314,193,304,184,291,216,296,224,302,229,305,234,324,227,312,222,307,213,301,-0.0169909726828336,-0.3142680525779724,0.5754030346870422,image01934
135,163,124,188,115,214,109,237,107,264,116,290,131,313,151,335,175,358,196,367,204,363,209,355,218,342,231,323,245,307,263,288,280,267,201,160,222,161,238,170,250,182,259,193,302,223,311,227,319,232,323,240,319,248,268,234,263,251,260,268,253,281,221,278,228,285,234,292,242,294,246,294,205,189,221,193,231,200,235,212,226,209,213,201,276,243,292,244,302,251,300,259,294,259,285,252,176,294,199,298,219,305,225,310,232,313,237,325,236,332,228,336,220,336,210,330,200,322,189,310,180,296,209,309,219,316,227,322,235,331,225,325,216,320,206,312,-0.2327273935079574,-0.4019376635551452,0.6563371419906616,image01981
140,335,156,352,174,368,191,379,209,385,227,382,242,370,257,351,282,333,307,319,326,317,338,314,343,303,344,288,335,269,326,247,313,225,129,256,131,238,140,225,153,218,166,215,210,186,218,177,229,172,244,170,260,176,201,217,207,224,212,230,216,237,211,268,217,262,226,255,234,251,241,248,153,262,157,250,167,244,180,243,172,249,162,258,228,214,235,202,245,195,256,197,250,202,237,208,213,310,213,287,221,269,231,265,239,259,259,260,280,272,268,276,259,280,248,286,238,292,228,299,215,306,227,283,237,275,248,271,277,272,253,275,244,280,235,285,0.4365538954734802,0.1701479703187942,-0.5479232668876648,image02026
148,151,136,178,127,204,120,228,118,255,122,283,134,306,152,329,178,350,207,360,229,361,248,356,269,343,289,327,305,309,323,288,341,264,184,155,199,159,216,166,231,175,242,185,296,216,309,222,323,229,335,239,341,246,256,224,248,241,240,259,232,273,204,269,212,275,223,283,234,287,241,289,194,185,207,185,221,191,228,205,215,204,201,196,277,236,293,238,306,246,311,255,299,255,287,246,168,285,185,292,204,297,211,303,220,306,230,316,237,324,225,326,212,326,200,320,188,312,178,300,171,287,196,303,207,309,217,314,235,322,217,315,206,310,195,303,-0.189217522740364,-0.0408312678337097,0.5354799628257751,image02032
186,154,170,179,157,203,145,225,131,250,125,274,127,296,134,321,155,352,189,369,220,377,244,379,268,372,290,354,311,338,334,321,357,300,203,162,215,169,230,178,241,186,250,197,290,226,303,232,315,241,327,256,336,271,253,232,240,247,228,261,218,272,201,262,206,270,213,280,225,286,234,290,207,184,215,189,224,200,232,211,220,205,210,196,277,248,286,248,298,257,308,270,294,265,283,258,166,269,178,267,199,277,207,286,217,293,231,315,234,332,212,334,195,328,183,318,173,306,167,290,168,270,190,281,201,293,213,304,233,332,203,318,193,308,182,298,-0.0779867470264434,0.1759622693061828,0.7070599794387817,image02079
135,244,153,266,172,284,191,300,211,318,230,334,246,347,267,357,293,351,314,327,326,298,334,270,337,240,331,213,323,191,313,165,299,140,122,242,124,236,133,231,144,226,156,223,198,188,207,178,219,167,235,157,252,154,194,233,205,251,214,270,222,284,216,292,223,292,233,290,241,281,247,273,146,253,148,247,159,240,175,238,167,249,156,256,220,209,225,193,238,185,251,185,246,197,232,206,221,323,228,319,238,312,246,309,251,303,268,294,287,283,281,305,273,318,263,327,252,332,241,331,224,322,244,318,251,313,260,307,285,284,266,310,257,318,248,322,-0.3720981180667877,0.1180699318647384,-0.621529757976532,image02125
164,387,194,388,223,386,248,383,275,378,298,366,314,351,328,327,340,293,341,260,336,238,326,224,308,209,284,197,261,186,234,174,205,166,134,351,127,336,127,319,133,303,140,289,150,226,147,211,146,196,151,181,164,173,176,262,195,264,212,265,227,267,238,290,241,282,245,272,243,263,242,257,161,337,156,324,159,309,170,297,172,310,169,326,181,234,174,217,177,202,186,194,190,205,187,220,272,320,264,304,260,284,263,275,263,267,272,252,285,246,294,257,298,270,296,283,293,296,285,308,272,316,272,290,273,278,276,268,284,248,281,269,280,280,277,292,0.0707352608442306,-0.0449928678572177,-1.3959810733795166,image02214
258,224,262,244,267,263,271,281,270,303,265,323,256,338,249,352,253,357,268,349,288,334,309,317,324,295,330,271,331,252,329,233,326,212,201,213,192,207,188,206,187,208,189,209,208,209,214,205,224,201,237,200,253,204,202,237,197,253,192,267,192,278,210,281,208,283,209,284,214,282,221,280,205,234,199,233,204,232,210,234,205,238,203,239,227,231,228,227,230,227,242,227,234,232,229,233,222,304,213,298,210,295,212,297,215,295,227,297,245,303,233,311,227,316,222,318,220,317,220,313,223,304,216,302,217,302,223,301,244,302,225,307,222,307,220,307,-0.5288333296775818,1.0427318811416626,-0.5465030074119568,image02252
274,193,263,217,257,240,249,263,236,288,222,311,205,330,189,352,189,371,210,378,241,373,274,368,304,358,325,337,340,319,352,300,365,278,229,167,227,162,224,166,224,173,225,180,254,196,265,198,281,203,298,211,307,229,221,219,207,231,191,243,182,254,197,261,194,264,195,269,201,274,210,278,222,195,220,197,225,202,230,211,223,208,219,203,254,231,263,232,272,239,281,247,268,246,258,238,189,292,185,284,185,284,186,290,190,292,201,306,213,326,197,332,184,334,176,329,173,321,179,310,191,294,188,293,189,297,196,303,212,325,191,320,186,315,185,309,0.1454597413539886,0.957516312599182,0.5887088775634766,image02363
118,206,116,228,115,248,117,267,124,291,142,312,166,329,192,343,209,351,212,348,199,339,185,328,176,311,174,290,176,271,180,251,183,230,193,200,210,197,224,199,233,204,239,209,256,215,258,213,257,212,253,214,243,218,245,233,250,249,257,264,256,276,227,276,233,280,238,283,240,283,239,282,202,219,214,217,219,219,218,226,217,228,210,225,234,233,241,230,245,231,239,234,241,238,239,236,206,294,219,293,231,294,233,297,235,296,233,299,226,302,232,306,233,308,231,308,227,306,220,302,208,294,223,298,228,300,230,301,226,301,231,301,229,301,226,299,-0.3922319114208221,-1.0978518724441528,0.5010526180267334,image02369
220,244,230,263,242,280,250,296,256,314,258,329,256,339,256,345,266,341,283,327,303,307,322,287,334,263,335,239,332,219,325,199,315,178,173,239,168,236,168,232,172,230,179,230,201,215,206,206,215,198,229,192,246,187,197,237,198,251,198,265,202,276,213,284,214,284,218,282,225,277,232,273,184,248,181,244,187,240,197,240,191,246,186,250,222,222,221,214,226,210,240,209,233,217,226,222,226,313,219,305,218,298,223,297,227,293,244,290,263,290,251,301,242,309,235,314,230,317,227,316,227,312,225,304,228,301,237,297,262,290,239,302,233,305,228,308,-0.391821950674057,0.7012485265731812,-0.6894765496253967,image02376
168,253,184,280,199,303,214,325,230,348,246,367,257,376,271,381,296,373,318,351,336,327,356,301,368,269,371,237,364,210,355,182,343,151,126,231,124,224,130,219,142,218,154,217,202,178,215,169,232,160,252,153,272,150,187,226,191,247,195,270,202,287,205,302,209,301,217,300,226,295,233,291,151,247,147,235,158,227,178,231,168,242,157,249,222,207,228,190,244,182,261,184,250,196,233,204,216,339,214,333,218,326,225,325,231,321,247,321,267,319,262,332,258,346,249,352,237,354,225,349,218,337,227,335,233,331,241,329,263,320,245,334,237,339,228,340,-0.2016558051109314,0.4431460201740265,-0.5535163283348083,image02381
179,233,192,254,207,272,219,288,231,307,239,326,243,340,251,353,271,355,294,339,315,317,332,294,342,267,342,242,339,221,333,199,325,176,146,234,143,232,147,228,154,225,161,224,197,210,206,203,219,197,236,193,255,190,191,242,193,261,196,281,202,294,211,293,213,295,219,295,226,291,232,285,164,246,162,242,171,238,184,239,177,246,169,250,221,225,224,216,234,213,248,214,240,222,229,226,221,314,219,313,224,310,229,310,234,307,250,302,268,299,258,313,249,322,241,326,233,327,228,323,223,313,228,314,234,313,242,309,266,300,244,313,237,317,231,317,-0.5325551629066467,0.4559780359268188,-0.5790793895721436,image02387
227,242,239,263,253,280,266,297,277,319,281,337,279,351,284,363,298,360,312,341,324,315,341,289,352,258,346,229,342,206,335,184,326,161,168,236,158,228,156,225,158,223,164,222,190,200,197,189,207,178,224,168,245,169,191,239,192,256,194,275,201,288,218,292,218,294,224,294,229,287,235,280,183,251,178,248,185,243,196,241,191,249,187,254,221,219,224,209,232,203,246,200,238,210,228,217,237,328,227,317,226,310,230,310,233,305,248,304,269,306,262,321,258,332,253,338,247,341,241,336,239,327,235,317,237,314,245,311,268,307,250,323,246,327,242,328,-0.4758535921573639,0.6768813133239746,-0.8087099194526672,image02536
272,225,276,246,281,266,283,284,280,304,270,322,257,335,246,347,247,354,262,348,285,337,307,324,323,306,331,286,332,268,330,248,327,227,211,211,203,205,198,204,196,206,197,208,213,211,218,209,227,208,239,209,254,215,210,240,204,256,198,270,198,281,216,287,214,288,215,288,219,288,224,287,213,234,207,232,210,232,216,236,211,240,210,239,230,237,230,232,232,232,244,235,237,240,231,240,225,306,217,303,215,301,217,303,219,302,228,305,241,310,232,316,227,319,223,319,221,318,221,313,225,306,221,307,222,307,226,308,240,310,226,309,223,309,221,308,-0.6182891726493835,1.1425681114196775,-0.560349702835083,image02660
165,283,186,303,206,318,225,333,246,351,264,364,279,369,302,373,328,359,345,327,352,296,358,269,359,240,348,212,336,190,322,168,305,145,135,267,134,259,138,249,147,241,158,236,192,203,199,193,210,182,226,172,244,163,186,234,192,247,197,262,205,273,207,284,212,282,220,278,227,268,234,260,154,268,153,260,161,251,175,248,168,257,160,266,211,213,212,203,220,194,236,188,229,199,219,209,229,323,219,309,221,293,229,288,235,279,258,269,290,267,293,300,289,318,280,329,271,336,257,336,232,323,230,302,237,294,246,285,290,269,281,313,274,323,265,328,-0.2126103788614273,0.3214334845542907,-0.8033312559127808,image02686
285,194,277,216,271,236,264,256,250,276,232,294,214,308,198,320,198,336,217,346,246,352,275,353,302,347,321,335,332,320,341,303,350,284,234,176,228,173,225,177,224,185,225,194,238,219,247,219,258,222,270,230,283,243,224,224,211,235,198,245,191,254,206,257,203,260,203,266,209,269,216,272,227,199,222,198,226,204,231,213,225,211,223,207,250,237,253,236,258,242,267,253,257,252,250,244,202,277,196,271,195,271,197,276,201,279,211,292,223,307,208,305,198,303,193,299,191,294,194,287,203,278,198,279,199,284,204,289,222,305,201,295,197,291,195,287,0.1520490795373916,1.071863055229187,0.6748470067977905,image02712
134,148,120,175,109,201,100,225,93,253,99,283,114,308,133,336,159,365,186,378,200,378,212,374,229,362,248,343,267,325,287,304,307,281,201,151,222,154,240,162,253,175,263,186,305,225,317,230,327,236,335,246,335,257,270,230,263,246,258,261,250,275,216,270,223,277,232,286,241,291,246,294,207,182,225,182,236,191,237,208,227,204,215,193,282,246,298,248,310,256,312,266,302,266,291,257,168,291,189,294,211,299,218,306,227,310,232,327,229,339,218,339,208,335,198,327,188,319,178,308,171,295,199,307,209,313,217,321,227,338,214,322,205,315,195,308,-0.1660740822553634,-0.2960611879825592,0.6762031316757202,image02740
77,337,103,357,128,373,153,385,185,395,222,396,255,389,287,377,315,356,326,329,319,311,305,295,287,272,267,247,250,226,231,203,208,180,110,279,120,260,134,246,148,235,161,227,193,185,197,174,201,163,206,156,212,157,202,227,222,238,242,249,255,260,238,289,247,283,256,277,259,269,259,263,142,280,150,265,160,254,172,252,168,262,157,274,204,212,207,196,216,186,221,185,223,195,215,205,249,333,257,315,267,299,273,293,276,286,285,281,291,282,295,293,294,304,288,313,280,321,268,327,251,330,269,309,276,301,281,294,290,283,283,297,278,304,271,311,0.1865172535181045,-0.4381827712059021,-0.8752993941307068,image02763
118,310,138,334,162,355,182,371,206,384,229,389,249,389,272,384,302,370,325,346,334,326,338,308,338,286,331,261,323,239,310,211,294,185,120,250,127,235,138,224,151,216,164,211,208,174,217,165,227,156,239,151,253,154,202,216,211,229,222,242,231,254,222,280,230,277,240,273,247,265,252,259,146,256,152,244,161,237,175,237,168,245,157,254,223,203,227,187,239,180,251,182,245,189,234,198,232,333,232,312,243,295,252,291,260,284,279,281,295,291,291,307,284,318,273,327,260,334,248,335,235,329,245,306,256,298,267,293,292,292,275,310,264,317,253,323,0.1230264380574226,-0.0318435430526733,-0.6234248280525208,image02764
63,308,88,331,113,350,137,367,169,384,207,391,243,390,281,387,318,365,336,331,334,299,328,270,317,237,300,207,283,182,264,156,242,130,100,276,110,261,125,248,141,238,155,230,199,188,206,175,215,161,225,149,235,142,197,229,215,246,234,263,247,276,228,297,239,292,251,286,257,275,260,265,134,277,142,268,152,257,163,251,159,263,147,274,212,204,219,191,230,182,238,176,235,188,225,199,230,341,242,325,257,308,266,302,272,292,287,281,298,274,297,295,293,310,284,322,272,332,256,336,233,338,260,318,271,308,280,298,295,276,283,301,274,312,264,320,-0.1446298211812973,-0.3403175175189972,-0.7349278330802917,image02781
79,285,96,308,115,326,132,342,152,359,179,367,207,368,240,363,274,348,293,323,298,303,297,283,291,259,280,236,271,214,262,189,249,163,119,262,134,253,148,241,160,232,171,225,215,192,223,183,232,175,243,169,248,165,206,228,219,242,231,257,238,269,214,286,225,283,236,279,243,270,246,261,144,262,153,255,163,247,174,245,167,253,156,261,220,211,228,197,239,190,245,189,242,198,232,207,201,330,213,316,232,299,242,294,249,285,262,272,269,269,267,290,263,305,254,316,242,324,227,329,205,327,230,308,242,299,252,288,266,270,257,298,248,308,236,316,-0.1346588432788849,-0.378368616104126,-0.5548953413963318,image02795
195,208,177,227,162,247,149,266,135,283,125,298,120,307,124,320,137,341,163,359,189,374,213,385,240,387,265,380,288,370,311,356,335,339,222,170,233,167,241,172,247,181,252,191,290,223,303,228,317,236,329,250,332,268,251,227,238,236,224,242,213,251,195,254,198,259,203,266,211,272,217,277,215,192,223,191,231,199,234,212,224,206,216,198,275,251,290,251,299,259,302,274,290,269,281,259,156,273,167,270,180,272,184,278,191,282,196,298,198,316,181,311,167,308,158,301,152,292,153,282,158,274,171,281,178,285,184,294,196,314,176,297,169,291,164,284,0.3350400924682617,0.1658066064119339,0.8181549310684204,image02843
205,224,187,241,172,259,160,274,148,288,139,299,136,305,138,313,151,330,174,348,194,363,214,376,238,381,261,377,281,369,303,357,325,342,226,185,236,180,245,183,252,190,256,198,289,229,300,235,310,245,319,260,322,278,255,229,242,236,229,242,219,250,205,257,207,260,211,266,218,271,224,276,223,204,230,202,238,209,241,221,232,216,225,209,274,254,285,256,292,263,295,276,286,270,278,261,174,272,184,269,195,271,198,276,203,280,208,293,210,309,198,303,189,298,182,291,177,285,174,279,176,273,188,278,193,282,198,289,209,307,196,291,190,285,185,280,0.4122832715511322,0.1628953516483307,0.8511716723442078,image02845
108,346,131,360,154,372,176,381,204,386,234,381,261,365,288,352,313,332,322,309,317,294,309,285,296,270,280,253,263,237,245,218,224,201,120,289,124,271,133,255,143,243,152,233,188,193,192,184,196,175,203,169,211,172,194,227,211,235,226,241,237,249,226,276,232,270,240,261,245,255,248,251,151,285,158,273,166,263,177,258,173,267,164,279,205,221,210,211,217,201,221,197,222,206,214,215,239,314,238,294,242,274,249,268,253,261,267,259,282,267,286,278,285,287,278,295,270,302,259,308,241,311,249,285,255,276,261,271,281,268,273,280,268,287,261,293,0.3247759044170379,-0.2497946768999099,-0.9429854154586792,image02936
269,230,276,256,284,279,289,301,290,327,284,350,273,364,262,376,265,378,282,364,308,342,333,318,350,287,355,256,354,230,350,203,343,175,190,205,178,193,171,190,168,192,169,191,194,177,201,169,215,159,231,153,248,160,191,225,186,246,181,265,183,280,208,292,206,292,207,290,213,286,221,282,197,231,188,225,193,221,203,226,197,232,194,235,223,212,222,202,225,199,240,200,231,209,224,213,228,326,213,320,209,312,211,312,213,308,227,310,249,313,238,323,231,331,226,334,223,335,223,331,229,325,217,321,217,319,224,317,247,313,229,319,225,321,223,322,-0.5064940452575684,1.0605287551879885,-0.7272810339927673,image02938
209,200,197,225,188,250,182,273,175,296,169,316,164,330,166,344,182,358,210,369,241,375,269,374,297,367,318,352,334,336,351,316,367,293,202,179,208,179,219,181,229,184,238,190,274,209,285,214,296,222,311,234,324,249,243,222,230,237,217,250,209,263,201,273,204,275,210,279,219,283,226,287,207,202,214,198,224,204,231,215,219,215,210,211,272,238,283,235,292,241,299,254,287,252,277,246,179,295,187,292,195,293,199,298,204,299,215,309,223,321,212,317,203,315,195,311,188,306,185,299,183,295,193,300,198,304,206,309,222,319,208,307,201,303,196,299,0.1080941781401634,0.4212605953216553,0.5277475118637085,image03002
143,275,164,296,183,313,202,331,224,347,248,356,264,358,280,357,304,341,323,315,334,290,347,265,353,235,346,209,331,188,315,166,297,143,120,255,119,245,126,238,138,234,152,231,194,194,201,179,210,162,224,149,242,148,188,229,198,244,208,261,219,274,219,294,224,289,233,283,243,274,251,269,150,264,148,256,157,246,173,244,168,256,159,264,217,208,223,190,237,181,248,182,244,192,230,203,227,324,231,317,239,307,248,303,255,295,275,283,292,264,287,286,281,305,270,318,256,327,242,328,229,322,246,315,254,307,267,297,291,265,271,295,259,306,248,315,-0.2198415696620941,0.169898435473442,-0.7467246055603027,image03012
172,257,185,277,200,294,213,311,228,327,242,339,251,346,260,349,280,340,303,322,322,301,335,280,341,255,339,231,330,211,321,191,308,170,148,247,146,240,150,234,156,229,163,225,199,199,207,192,218,183,232,176,249,176,195,237,200,252,204,267,209,278,214,287,218,286,224,283,231,276,238,270,168,256,167,251,176,245,188,243,181,251,174,257,221,221,223,211,231,206,245,205,239,215,229,220,220,316,219,308,226,298,233,294,238,289,254,282,273,281,265,295,259,306,251,313,241,318,231,317,222,314,230,304,239,299,247,292,270,281,253,298,244,305,236,309,-0.3108697831630707,0.3473846018314361,-0.643791139125824,image03019
239,201,221,222,208,243,194,263,177,285,161,305,151,321,139,338,147,361,173,374,202,377,231,381,263,378,291,367,314,356,337,342,359,326,238,169,243,165,248,169,252,177,255,188,289,219,301,225,315,235,328,249,336,267,252,220,235,228,216,239,203,249,200,259,199,262,201,268,208,273,216,278,229,189,234,186,243,194,247,209,236,203,228,196,280,243,293,243,302,253,307,270,294,264,284,252,173,286,173,278,181,278,184,283,190,288,198,305,207,324,187,320,174,316,166,310,161,303,162,295,172,287,176,287,181,290,187,298,205,323,180,306,174,301,171,296,0.2777989208698272,0.4300523996353149,0.826943576335907,image03082
121,208,117,231,114,251,114,271,121,293,136,314,159,330,182,343,198,347,204,340,196,326,187,311,183,291,184,270,189,250,195,230,200,207,199,208,217,206,232,207,242,209,248,212,270,209,273,207,273,206,270,206,260,207,254,235,258,252,263,269,262,281,231,283,238,285,242,287,244,284,242,281,207,227,220,225,225,225,226,229,223,233,215,232,246,229,254,224,260,224,254,227,254,233,251,233,206,307,222,304,234,301,236,301,239,299,235,300,225,299,229,307,230,312,228,313,223,313,217,310,208,307,225,305,230,304,232,303,224,299,231,303,230,305,226,305,-0.6713486313819885,-0.9728085398674012,0.5763080716133118,image03086
102,296,121,321,142,342,161,361,183,378,207,385,230,382,257,375,291,360,317,334,330,313,337,295,336,271,327,245,316,221,303,194,287,168,111,250,117,233,129,223,144,218,159,215,203,177,212,167,223,159,236,153,251,154,199,226,210,242,222,256,231,269,221,288,228,286,239,282,246,273,250,266,140,262,146,252,158,245,172,243,164,252,152,261,220,210,228,197,240,189,250,187,244,197,232,205,219,330,227,315,240,298,249,294,255,287,273,281,287,282,281,296,272,306,262,314,251,321,238,327,222,328,243,307,253,299,262,293,285,283,265,298,256,305,246,312,-0.0191846303641796,-0.0711263492703437,-0.6055067777633667,image03111
146,125,127,147,111,170,98,192,88,221,93,255,111,286,129,320,146,354,162,370,163,366,164,363,172,352,188,334,206,318,226,301,245,281,233,151,258,161,274,176,283,192,287,208,314,243,320,251,323,260,321,270,308,277,282,241,278,257,273,275,263,288,226,275,232,284,236,295,241,299,242,300,231,181,252,184,258,195,254,211,245,206,236,195,280,254,294,257,302,268,291,277,287,277,283,267,180,278,202,291,217,304,220,311,223,316,217,329,207,334,206,335,203,330,200,323,196,313,190,300,183,283,205,309,209,316,209,324,206,333,211,322,208,314,204,305,-0.3477602303028106,-0.593643844127655,1.001884698867798,image03116
132,190,124,211,121,232,119,248,122,266,136,285,156,300,178,316,198,333,211,339,209,339,203,335,201,326,205,313,211,299,222,283,232,264,199,183,215,182,228,186,238,193,245,201,271,222,276,224,279,227,280,233,275,241,252,232,253,244,253,258,248,269,220,269,226,273,231,278,236,281,236,282,207,207,220,203,226,207,226,219,221,218,214,213,249,238,258,236,265,242,262,250,259,250,254,245,203,287,218,290,227,289,230,292,234,294,235,303,233,307,233,305,229,305,224,302,218,298,215,292,205,289,221,295,228,296,231,301,233,306,229,298,223,295,219,292,-0.1836313009262085,-0.6944581270217896,0.6133100390434265,image03149
128,188,118,214,114,240,111,263,112,287,123,310,140,329,161,349,187,369,208,378,218,379,224,374,233,364,245,348,257,331,273,312,287,289,196,171,215,168,233,173,246,182,256,193,291,226,303,227,312,232,319,242,318,253,268,230,265,245,263,260,258,272,225,271,233,277,242,284,249,288,253,291,206,197,221,195,232,201,235,215,227,212,215,205,275,243,286,244,297,250,300,259,293,258,284,251,188,291,207,289,226,294,233,300,240,303,246,317,243,333,235,333,227,330,218,324,208,317,199,307,191,292,216,300,227,307,234,313,242,332,230,321,221,315,212,308,-0.0228301174938678,-0.4238774478435516,0.5280337929725647,image03515
154,134,135,155,118,176,106,196,99,222,105,253,120,283,142,312,158,340,167,352,162,351,156,342,160,328,172,312,188,298,208,282,228,263,241,167,258,178,269,189,276,201,278,214,302,244,305,252,304,260,300,267,292,269,271,247,264,263,259,278,249,288,219,271,224,279,227,288,230,293,231,295,236,194,252,199,256,206,250,218,246,215,241,206,268,254,280,258,285,266,279,271,277,271,273,264,188,277,203,284,216,293,218,300,221,305,218,316,209,322,212,322,209,319,205,311,201,304,196,293,191,280,207,295,212,303,214,310,209,321,214,311,210,304,206,297,-0.5499117970466614,-0.6018964052200317,1.1101229190826416,image03520
83,296,100,317,117,335,134,349,156,364,184,373,215,375,248,373,275,360,283,338,282,314,276,296,267,276,258,255,249,236,240,212,228,188,130,258,142,243,157,232,169,225,180,221,212,200,218,190,224,182,232,177,238,178,211,232,224,245,236,257,243,268,219,291,228,287,237,282,244,275,246,269,154,262,162,251,170,244,180,245,176,253,166,260,218,217,223,202,233,196,238,198,235,204,228,212,213,334,223,315,236,298,244,294,248,288,258,281,261,281,269,304,271,318,265,329,253,337,238,338,216,331,236,309,246,301,251,293,260,282,264,309,258,318,247,324,0.0171821303665637,-0.5042736530303955,-0.57538902759552,image03566
203,168,191,192,184,216,176,238,167,264,162,292,161,316,163,339,182,362,213,371,243,369,269,363,296,351,316,334,332,317,349,298,365,275,205,165,213,165,222,172,230,181,238,189,283,218,297,220,312,224,327,232,335,246,246,230,233,247,222,263,214,276,203,274,207,280,215,286,224,290,232,293,208,193,214,192,225,198,231,212,220,209,210,202,276,241,288,239,298,246,305,258,293,257,282,250,179,291,186,293,199,297,205,302,213,306,227,318,240,328,222,332,208,333,196,328,187,319,182,307,182,293,195,303,204,309,213,315,238,327,214,322,204,316,195,309,-0.1548343449831009,0.3583760857582092,0.5233051776885986,image03575
178,121,162,147,152,173,143,195,133,222,127,253,130,281,138,314,158,346,194,355,227,351,252,342,277,327,299,308,319,294,341,276,362,255,196,151,211,158,226,169,238,179,247,190,290,223,306,225,321,230,336,239,343,251,251,232,238,250,227,269,218,282,200,269,204,277,212,285,223,289,231,290,201,179,211,183,222,192,228,203,216,200,206,191,279,239,293,238,304,248,311,259,297,257,286,250,170,285,182,294,195,298,200,304,206,306,213,318,221,324,202,332,190,331,180,326,172,317,170,305,173,288,189,304,196,308,201,313,218,323,195,320,188,315,182,309,-0.3885428607463836,0.18605737388134,0.6080817580223083,image03580
155,118,141,145,130,170,122,194,115,224,113,257,117,289,127,325,148,354,182,358,213,347,238,331,266,313,290,294,309,278,330,258,351,234,194,146,212,149,227,161,240,173,250,185,301,220,316,221,331,224,344,228,348,238,255,236,244,257,234,276,225,290,199,278,206,284,216,291,226,294,233,294,197,185,211,189,224,195,231,208,218,207,204,199,280,237,298,238,311,246,314,253,302,255,289,248,155,292,174,298,195,302,202,308,211,311,220,319,217,326,200,336,186,342,172,337,160,327,157,312,158,293,185,305,196,311,206,316,215,324,192,329,181,325,171,316,-0.4988697469234466,0.0413698852062225,0.5766791701316833,image03588
112,117,98,144,88,169,80,193,74,227,76,263,85,299,98,334,122,358,151,354,177,336,195,313,216,288,237,262,255,242,278,221,299,196,180,152,202,154,220,164,234,175,246,183,293,209,305,208,317,207,326,208,325,214,247,234,238,259,231,281,223,295,186,281,195,288,206,293,216,296,221,295,185,191,201,193,213,197,216,207,206,209,193,204,265,227,283,223,294,229,293,236,284,240,273,236,138,295,163,304,184,309,191,315,200,316,208,320,206,320,186,334,172,342,158,339,145,331,141,315,139,294,170,310,184,317,194,320,204,319,178,328,165,326,154,317,-0.6697794795036316,-0.2335065752267837,0.6214025020599365,image03589
212,274,226,294,241,311,252,328,263,346,267,360,264,367,265,369,280,357,303,334,326,310,346,286,357,257,355,229,350,206,343,181,333,156,151,248,141,235,140,227,145,221,152,218,184,184,191,170,204,157,222,147,246,150,181,225,182,241,184,258,190,272,209,287,209,286,215,282,221,274,229,267,168,257,164,251,172,243,184,238,177,248,172,256,217,205,219,194,228,186,243,183,234,194,223,202,225,327,217,314,219,301,224,298,228,292,247,287,269,287,255,301,246,312,238,319,231,325,227,326,226,324,227,310,232,304,241,298,266,287,241,302,234,309,228,314,-0.1964899599552154,0.6662381291389465,-0.7356927990913391,image03636
160,262,175,286,190,307,206,326,222,347,236,364,246,375,260,380,284,374,309,352,329,327,344,303,350,274,349,246,344,222,337,198,327,170,129,238,127,227,133,221,142,218,153,217,197,191,206,178,220,166,237,158,257,162,191,235,196,254,200,272,206,286,210,298,214,298,222,296,230,290,237,284,153,255,154,249,163,243,177,241,169,250,160,257,223,216,230,205,241,200,254,199,246,209,232,214,218,339,219,325,225,315,232,314,236,310,255,307,280,307,268,319,259,329,249,336,239,340,230,338,220,336,230,324,238,320,247,315,278,307,253,318,244,323,236,326,-0.2470889538526535,0.3610389530658722,-0.5572237968444824,image03665
139,153,125,180,115,207,108,230,103,257,108,283,119,304,136,327,161,351,189,362,208,363,225,360,243,350,261,332,277,316,297,296,316,273,192,155,210,159,226,167,237,179,245,191,290,218,303,223,314,229,323,239,327,248,254,225,246,241,239,256,232,269,202,265,210,272,219,280,230,283,237,285,195,182,208,185,218,193,224,204,214,201,201,193,274,239,292,243,303,250,305,256,296,257,284,249,162,275,181,281,202,290,209,297,218,300,229,313,231,321,216,329,201,329,189,323,178,313,169,297,165,278,193,295,204,303,214,309,230,320,208,317,198,311,187,302,-0.1529957205057144,-0.1380891054868698,0.6113356351852417,image03733
167,158,154,184,145,209,138,232,135,259,136,286,143,307,153,331,178,354,210,363,236,360,256,356,279,346,299,331,315,314,333,294,350,270,195,164,209,167,222,175,233,186,241,197,288,224,300,229,313,235,326,244,335,253,252,230,242,246,233,261,225,273,206,266,211,273,219,282,229,286,236,287,200,192,209,198,219,204,228,212,217,209,205,203,276,243,289,249,300,256,308,259,297,260,285,252,169,273,183,279,201,289,209,297,218,302,232,316,242,328,223,335,207,334,192,326,179,314,171,297,171,275,194,293,206,303,216,311,241,327,212,324,199,316,186,304,-0.207382932305336,0.1053484305739402,0.5340638160705566,image03742
128,279,147,301,167,319,184,337,205,355,227,367,245,371,268,372,300,359,325,334,340,310,348,287,349,258,343,229,334,205,322,182,307,155,123,248,127,236,137,228,149,223,162,219,208,195,217,185,229,177,244,168,260,162,200,223,210,240,220,258,229,271,223,284,230,283,240,279,247,271,253,265,150,254,152,245,162,237,177,237,170,246,160,253,224,207,228,201,237,194,251,188,245,199,234,206,222,320,228,307,240,293,248,289,255,282,274,277,293,279,287,298,279,312,268,321,257,326,242,326,224,319,243,301,253,295,263,288,291,279,270,304,261,312,251,316,-0.142478659749031,0.0874450132250785,-0.6181866526603699,image03790
170,297,186,318,204,335,220,350,235,364,247,370,255,371,269,364,291,350,314,326,333,305,344,287,350,264,344,241,336,221,324,201,309,179,140,262,141,249,147,240,156,234,167,231,199,200,206,191,217,183,232,176,248,173,194,232,200,244,205,257,212,267,217,286,221,282,228,277,235,270,241,265,160,266,158,255,165,248,179,248,173,257,166,264,218,216,216,204,223,197,240,197,233,207,225,213,224,323,225,309,232,295,238,291,243,284,259,279,279,281,272,298,266,311,259,319,250,325,239,325,226,321,237,303,245,297,252,290,277,282,259,303,252,310,245,315,-0.0490931198000907,0.330632746219635,-0.699870228767395,image03791
141,295,159,315,178,331,195,346,215,363,235,370,252,369,273,365,301,351,324,326,338,306,348,286,350,260,343,233,332,211,319,189,305,165,128,258,128,243,136,234,145,227,155,221,201,199,210,193,222,187,238,179,254,171,195,227,204,243,213,257,221,269,218,285,224,282,234,278,241,271,247,265,153,261,152,251,162,243,177,243,171,253,161,259,220,215,225,211,232,203,244,194,239,205,229,212,224,322,223,304,230,287,238,281,245,275,266,272,288,279,281,293,274,307,265,315,255,320,241,322,226,319,236,295,244,288,254,281,285,279,263,297,255,304,247,309,-0.0441724099218845,0.1777424365282058,-0.6733604073524475,image03792
143,151,129,182,118,212,109,238,103,266,106,295,117,319,135,347,164,375,200,386,227,384,250,377,275,363,296,341,316,321,337,300,358,274,191,152,212,150,230,157,242,171,251,186,309,216,324,219,340,223,352,234,356,250,257,234,246,252,238,269,230,283,206,280,212,287,220,295,231,297,240,299,195,190,208,191,220,199,227,211,215,209,202,202,286,247,304,249,318,256,321,264,309,265,296,257,163,286,181,295,202,305,211,312,221,316,238,328,247,336,226,343,209,343,192,336,178,325,169,309,166,287,194,309,206,317,220,324,246,335,215,329,201,322,187,312,-0.2335483431816101,0.0046401331201195,0.5435442924499512,image03798
178,280,193,302,209,321,223,338,234,356,244,368,249,374,263,378,285,370,309,347,329,320,346,298,357,274,354,249,351,227,343,201,333,175,144,252,143,241,148,232,156,226,166,223,201,200,207,186,219,173,235,166,256,167,193,229,197,244,200,258,207,271,213,291,217,287,225,281,234,273,243,266,160,257,159,248,168,241,183,241,174,250,166,257,222,213,219,198,227,192,247,194,237,203,229,210,219,328,219,314,227,300,234,297,240,290,260,282,282,280,273,305,265,320,255,329,244,335,234,333,222,327,232,310,240,302,251,295,280,281,259,311,251,318,241,323,-0.1088625341653823,0.452517569065094,-0.5797572731971741,image03807
184,301,200,318,217,333,231,347,246,360,256,366,262,366,272,363,290,348,308,322,323,298,336,276,342,252,336,229,327,210,315,191,301,171,143,270,138,257,140,247,146,240,154,236,183,208,188,197,198,187,213,179,231,175,183,240,188,251,193,264,200,273,208,290,211,288,217,283,224,275,229,268,163,273,160,265,167,257,178,254,173,262,167,270,207,223,207,213,214,205,227,201,220,211,213,219,224,326,218,313,220,299,226,294,231,287,249,278,271,276,265,295,258,309,250,319,242,327,235,329,225,324,227,307,232,299,241,291,270,277,252,303,244,312,237,319,-0.0952033400535583,0.4775859117507934,-0.8055163025856018,image03809
207,164,188,189,173,214,160,236,146,260,137,285,134,305,138,328,155,354,185,371,215,380,244,384,274,380,301,367,322,352,343,335,365,313,220,156,232,157,242,165,250,175,256,187,294,225,307,231,321,240,333,253,341,270,255,229,239,242,224,255,213,267,197,266,201,272,208,280,217,287,225,292,216,184,224,186,234,195,239,208,228,203,219,194,280,249,292,251,301,260,309,272,296,268,286,259,167,275,176,282,189,289,194,297,201,302,212,317,224,331,204,327,189,323,178,315,170,304,167,291,169,277,182,295,190,302,199,311,222,329,197,312,187,304,180,294,0.0036721969954669,0.2921119034290313,0.7243673801422119,image03818
83,296,101,317,119,335,139,353,165,373,198,382,227,381,262,377,299,360,320,331,323,306,320,284,310,255,297,226,282,203,269,180,252,157,115,260,125,248,138,239,152,232,164,226,207,186,215,177,223,167,231,159,240,156,204,231,217,247,231,262,242,274,221,291,231,288,241,282,247,272,250,264,145,266,152,257,162,248,174,247,168,256,157,264,217,212,223,201,234,192,242,189,239,200,229,208,211,336,226,321,242,302,251,296,258,286,271,274,280,272,288,298,286,315,275,327,261,337,241,341,213,335,242,310,254,300,263,289,280,273,278,310,269,321,256,330,-0.1309544444084167,-0.3263116776943207,-0.6366404294967651,image03824
88,281,109,305,132,324,150,340,172,355,196,363,220,364,254,361,290,347,312,316,323,284,328,261,326,235,317,210,308,187,298,162,282,136,105,258,111,242,125,230,142,224,158,221,205,191,212,174,220,157,235,145,253,145,202,233,212,247,223,259,232,271,216,286,225,284,237,277,246,266,250,257,140,266,148,259,161,250,174,245,165,255,153,264,221,209,228,199,242,191,253,183,245,196,233,205,222,330,229,314,240,297,249,293,254,285,270,275,283,272,285,293,281,309,272,320,258,329,242,332,225,328,243,307,255,299,263,289,282,274,273,298,264,308,251,316,-0.2429756820201873,-0.1868441700935363,-0.6071817874908447,image03831
118,295,139,317,160,337,180,355,203,373,227,383,248,382,274,375,305,358,330,330,345,303,355,279,355,249,343,221,331,197,317,174,299,148,109,263,110,248,120,237,132,230,146,224,197,185,206,173,219,162,235,153,253,151,193,230,205,246,217,262,227,274,221,290,228,287,239,283,246,274,251,267,143,272,145,263,157,254,171,250,165,261,154,270,222,210,227,196,238,186,252,185,246,196,234,206,226,328,231,315,242,301,250,296,257,288,278,280,296,275,289,294,279,308,268,318,257,325,243,329,229,326,246,309,255,301,266,293,295,276,270,300,260,308,250,316,-0.1239218786358833,0.046326357871294,-0.6910465955734253,image03832
169,307,188,334,210,356,231,377,253,401,271,415,282,422,298,420,324,402,352,370,374,337,391,306,399,271,391,236,378,207,363,177,346,148,118,261,113,244,117,233,127,226,139,221,180,184,188,170,202,157,221,147,246,145,181,232,188,252,193,272,201,288,209,312,214,308,223,303,234,293,243,285,143,271,140,257,151,248,168,249,160,260,149,268,214,209,212,193,221,183,242,182,232,195,222,205,226,362,219,347,224,330,235,325,243,315,271,303,300,300,290,329,280,351,267,365,253,374,240,371,228,360,231,342,242,332,258,320,298,302,270,339,257,352,245,359,-0.1067203059792518,0.4358773529529571,-0.7156615853309631,image03836
120,198,116,220,114,238,115,259,121,285,139,310,167,328,189,343,203,349,206,341,199,327,188,310,184,288,183,264,187,244,192,224,197,202,194,208,212,209,227,210,237,212,243,214,262,218,266,213,268,210,265,209,255,208,249,230,254,248,259,264,258,276,228,279,236,281,243,282,245,280,243,279,205,222,218,223,224,223,224,227,221,229,214,227,242,227,250,224,254,224,249,224,250,229,247,230,204,296,221,293,238,292,243,293,246,292,245,295,237,302,236,314,235,319,230,319,224,316,214,309,205,295,230,296,238,297,241,297,236,301,236,309,233,310,227,308,-0.5889548659324646,-1.0097177028656006,0.5318904519081116,image03860
127,286,146,305,166,320,184,335,205,351,227,362,246,368,271,369,300,358,319,331,328,302,331,276,329,249,319,223,309,202,297,180,283,157,119,260,120,247,128,237,139,230,150,223,195,183,203,171,212,159,225,150,241,153,197,233,210,250,221,265,230,277,224,293,230,290,239,284,246,276,251,270,149,269,150,259,160,250,175,249,169,259,159,268,219,213,223,198,234,189,246,188,242,199,230,208,229,329,234,317,242,302,250,298,256,291,272,284,285,283,285,304,281,318,273,328,261,334,248,334,232,328,246,311,254,303,264,296,283,285,274,311,266,319,256,325,-0.1777186393737793,-0.0162248015403747,-0.6914786696434021,image03897
243,216,248,243,255,266,262,289,266,317,265,343,258,362,255,374,262,379,281,369,306,353,330,331,348,301,355,270,354,244,350,221,343,194,177,212,168,210,167,209,170,211,175,213,200,211,206,204,217,197,231,195,250,194,196,236,193,255,188,273,190,286,207,289,207,292,211,293,219,289,227,285,186,232,180,230,187,228,197,232,190,236,186,237,224,225,224,222,226,221,240,220,231,226,226,228,219,317,211,309,213,308,218,309,222,305,242,302,264,304,251,322,240,333,233,337,227,338,223,330,220,316,219,313,223,313,233,310,263,303,238,325,231,329,227,328,-0.5141000747680664,0.9300593137741088,-0.5462704300880432,image03933
108,142,96,172,87,199,81,224,81,255,94,285,119,311,146,339,175,364,199,371,210,367,218,361,228,345,240,323,253,302,271,278,289,251,177,156,200,163,221,171,237,178,249,184,294,216,307,215,320,215,327,221,324,232,262,226,257,244,256,260,249,274,208,268,219,274,232,281,244,286,250,289,190,183,208,186,220,194,225,208,214,205,200,195,273,236,289,236,301,243,302,250,295,252,284,245,155,277,183,282,214,289,225,296,237,299,249,311,247,320,231,335,217,340,203,336,188,326,172,306,158,279,201,295,218,303,232,309,245,319,225,328,211,323,195,314,-0.2279874235391616,-0.4186285138130188,0.5924176573753357,image03985
130,170,121,194,115,216,110,238,110,264,119,290,136,313,157,334,181,349,200,355,208,348,214,336,226,319,237,298,248,280,262,261,273,239,188,182,206,186,223,192,235,201,244,210,281,222,291,223,299,224,304,229,301,234,254,234,252,249,249,265,245,277,214,272,222,278,231,284,238,286,242,285,196,204,210,206,220,210,224,219,216,218,204,213,261,235,274,232,284,238,283,244,277,246,269,242,184,291,205,291,220,295,225,299,232,300,239,307,238,316,230,316,222,316,214,313,206,310,198,302,188,292,212,300,220,304,227,307,237,314,224,308,217,306,209,302,-0.3322720229625702,-0.4086352884769439,0.5335059762001038,image04018
181,128,160,145,143,162,129,180,119,203,116,228,121,256,124,285,132,311,146,325,160,325,168,322,182,316,199,309,217,301,240,292,264,280,241,153,259,160,270,174,275,191,277,206,297,251,305,258,311,265,312,273,305,279,269,244,260,256,250,269,239,278,214,262,218,269,223,278,229,283,232,286,231,184,244,191,250,201,249,213,242,208,233,197,271,255,282,262,287,273,282,280,277,277,274,267,169,260,188,269,205,281,209,288,215,293,216,305,210,310,190,319,178,318,169,309,164,296,162,280,169,261,194,281,203,290,208,298,209,310,187,313,180,305,174,293,-0.379046767950058,-0.3018936216831207,1.1062535047531128,image04024
245,198,231,222,220,245,208,265,195,287,181,305,168,317,161,332,171,351,198,365,230,373,263,377,294,372,319,359,339,345,356,327,375,305,229,169,230,165,233,168,236,177,240,186,280,212,291,218,305,227,319,239,331,254,243,224,227,239,213,252,204,264,201,270,202,273,208,279,217,284,225,288,222,196,224,192,233,199,238,212,227,209,220,203,274,243,287,241,297,249,304,263,290,260,279,251,179,289,183,287,191,289,196,294,202,298,213,313,224,327,206,323,194,318,185,310,178,304,177,297,181,290,189,295,194,300,202,308,222,326,200,308,193,302,188,296,0.1858871877193451,0.601698100566864,0.6737856268882751,image04120
128,186,122,207,117,226,115,245,119,269,133,292,155,312,175,330,191,345,198,348,194,345,187,337,185,325,187,307,193,290,200,273,207,253,199,184,216,184,229,188,239,196,245,203,267,223,270,225,271,227,269,232,261,239,249,234,251,247,254,260,252,270,227,270,233,274,238,278,241,280,240,281,206,209,220,209,225,213,225,223,221,222,214,217,245,240,253,239,259,244,254,249,254,250,250,246,201,287,220,287,234,287,238,291,240,293,237,302,226,312,226,319,224,320,220,317,214,311,209,302,203,288,226,294,232,297,234,302,226,312,226,312,222,309,217,304,-0.272341251373291,-0.907772958278656,0.6494670510292053,image04172
137,275,156,299,177,318,194,335,212,353,229,366,243,373,263,379,292,370,316,346,330,320,340,297,345,271,341,244,336,220,327,192,315,164,119,249,123,240,133,231,146,227,160,224,207,189,217,178,231,166,247,159,264,157,195,229,202,246,210,264,218,278,215,292,221,291,231,287,239,279,246,273,145,256,147,246,158,239,175,239,166,248,154,255,222,209,226,194,239,187,255,187,246,197,233,205,219,329,224,319,234,308,242,305,249,299,268,292,288,288,282,312,273,328,262,337,250,343,237,340,221,328,237,316,246,310,256,303,286,290,266,319,256,328,245,332,-0.1677874326705932,0.1673890650272369,-0.581784725189209,image04304
